Metric,Value
Numero di Coppie,100.0
Media,0.2806607782840729
Mediana,0.2945576310157776
Deviazione Standard,0.10852465778589249
Minima,0.0007843701168894768
Massima,0.4813004732131958
