Metric,Value
Numero di Coppie,100.0
Media,0.27894410490989685
Mediana,0.28700798749923706
Deviazione Standard,0.1133955791592598
Minima,-0.044833697378635406
Massima,0.48341402411460876
