Metrica,Valore
Numero di Coppie,100.0
Media,0.3038969933986664
Mediana,0.30171361565589905
Deviazione Standard,0.037894923239946365
Minima,0.18790282309055328
Massima,0.3910999000072479
