Metrica,Valore
Numero di Coppie,100.0
Media,0.310071736574173
Mediana,0.3148500621318817
Deviazione Standard,0.03564168140292168
Minima,0.21125191450119019
Massima,0.39977210760116577
